<?xml version="1.0" encoding="UTF-8"?>
<cards>
	<props>
		<prop name="La laitue"/>
		<prop name="Le lapin"/>
		<prop name="L'autre lapin"/>
		<prop name="Le chapeau"/>
		<prop name="La carotte"/>
		<prop name="La colombe"/>
		<prop name="L'autre colombe"/>
	</props>
	
	<tricks>
		<trick name="La colombe affamé" point="3" effet="1">
			<combi>La colombe|La laitue</combi>
			<combi>La colombe|La carotte</combi>
		</trick>
		<trick name="La paire de colombe" point="5" effet="2">
			<combi>La colombe|L'autre colombe</combi>
		</trick>
		<trick name="La paire d'animaux pas comme les autres" point="5" effet="3">
			<combi>L'autre lapin|L'autre colombe</combi>
		</trick>
		<trick name="Le lapin affamé" point="1">
			<combi>Le lapin|La carotte</combi>
			<combi>Le lapin|La laitue</combi>
			<combi>L'autre lapin|La carotte</combi>
			<combi>L'autre lapin|La laitue</combi>
		</trick>
		<trick name="Le potager" point="3" effet="1">
			<combi>La carotte|La laitue</combi>
		</trick>
		<trick name="Le lapin qui n'aime pas les carottes" point="4">
			<combi>Le lapin|La laitue</combi>
			<combi>L'autre lapin|La laitue</combi>
		</trick>
		<trick name="La paire de lapin" point="5" effet="2">
			<combi>Le lapin|L'autre lapin</combi>
		</trick>
		<trick name="Le coup du chapeau de légume" point="3">
			<combi>Le chapeau|La carotte</combi>
			<combi>Le chapeau|La laitue</combi>
		</trick>
		<trick name="Le coup du chapeau de carotte" point="3">
			<combi>Le chapeau|La carotte</combi>
		</trick>
		<trick name="Le coup du chapeau un peu plus facile" point="4">
			<combi>Le chapeau|Le lapin</combi>
			<combi>Le chapeau|L'autre lapin</combi>
		</trick>
		<trick name="Le coup du chapeau" point="5" effet="3">
			<combi>Le chapeau|Le lapin</combi>
		</trick>
		<trick name="L'autre coup du chapeau" point="6" effet="4">
			<combi>Le chapeau|L'autre lapin</combi>
		</trick>
	</tricks>
</cards>